2026-03-27T13:41:17.851-455326-898513,true
2026-03-27T13:41:17.851-306470-828007,true
2026-03-27T13:41:17.851-753714-768610,true
2026-03-27T13:41:17.851-705391-308309,true
2026-03-27T13:41:17.851-306470-287963,true
2026-03-27T13:41:17.851-753714-724363,true
2026-03-27T13:41:17.851-705391-622458,true
2026-03-27T13:41:17.851-306470-590638,true
2026-03-27T13:41:17.851-753714-363886,true
2026-03-27T13:41:17.851-705391-189048,true
2026-03-27T13:41:17.851-306470-382271,true
2026-03-27T13:41:17.851-705391-63288,true
2026-03-27T13:41:17.851-455326-804166,true
2026-03-27T13:41:17.851-868789-78485,true
2026-03-27T13:41:17.851-705391-302465,false
2026-03-27T13:41:17.851-705391-858301,true
