2026-03-27T13:41:17.851-455326-178931,true,true
2026-03-27T13:41:17.851-455326-686407,true,true
2026-03-27T13:41:17.851-455326-898513,true,true
2026-03-27T13:41:17.851-455326-157933,true,true
2026-03-27T13:41:17.851-455326-250481,true,true
2026-03-27T13:41:17.851-455326-795449,true,true
2026-03-27T13:41:17.851-455326-593077,true,true
2026-03-27T13:41:17.851-455326-210172,true,true
2026-03-27T13:41:17.851-455326-536170,true,true
2026-03-27T13:41:17.851-455326-311204,true,true
2026-03-27T13:41:17.851-306470-994605,true,true
2026-03-27T13:41:17.851-306470-798098,true,true
2026-03-27T13:41:17.851-306470-314489,true,true
2026-03-27T13:41:17.851-306470-490675,true,true
2026-03-27T13:41:17.851-306470-407503,true,true
2026-03-27T13:41:17.851-306470-621794,true,true
2026-03-27T13:41:17.851-306470-930785,true,true
2026-03-27T13:41:17.851-306470-175337,true,true
2026-03-27T13:41:17.851-306470-828007,true,true
2026-03-27T13:41:17.851-306470-818981,true,true
2026-03-27T13:41:17.851-868789-438401,true,true
2026-03-27T13:41:17.851-868789-658963,true,true
2026-03-27T13:41:17.851-868789-105514,true,true
2026-03-27T13:41:17.851-868789-756766,true,true
2026-03-27T13:41:17.851-868789-520663,true,true
2026-03-27T13:41:17.851-868789-442998,true,true
2026-03-27T13:41:17.851-868789-578051,true,true
2026-03-27T13:41:17.851-868789-724892,true,true
2026-03-27T13:41:17.851-868789-771081,true,true
2026-03-27T13:41:17.851-868789-830529,true,true
2026-03-27T13:41:17.851-753714-465151,true,true
2026-03-27T13:41:17.851-753714-58067,true,true
2026-03-27T13:41:17.851-753714-223752,true,true
2026-03-27T13:41:17.851-753714-399695,true,true
2026-03-27T13:41:17.851-753714-296376,true,true
2026-03-27T13:41:17.851-753714-558347,true,true
2026-03-27T13:41:17.851-753714-632033,true,true
2026-03-27T13:41:17.851-753714-981466,true,true
2026-03-27T13:41:17.851-753714-957599,true,true
2026-03-27T13:41:17.851-753714-768610,true,true
2026-03-27T13:41:17.851-705391-59075,true,true
2026-03-27T13:41:17.851-705391-778512,true,true
2026-03-27T13:41:17.851-705391-566772,true,true
2026-03-27T13:41:17.851-705391-350449,true,true
2026-03-27T13:41:17.851-705391-184723,true,true
2026-03-27T13:41:17.851-705391-364714,true,true
2026-03-27T13:41:17.851-705391-712350,true,true
2026-03-27T13:41:17.851-705391-618793,true,true
2026-03-27T13:41:17.851-705391-176694,true,true
2026-03-27T13:41:17.851-705391-308309,true,true
2026-03-27T13:41:17.851-455326-255790,true,true
2026-03-27T13:41:17.851-455326-290955,true,true
2026-03-27T13:41:17.851-455326-791971,true,true
2026-03-27T13:41:17.851-455326-237051,true,true
2026-03-27T13:41:17.851-455326-721534,true,true
2026-03-27T13:41:17.851-455326-370017,true,true
2026-03-27T13:41:17.851-455326-354736,true,true
2026-03-27T13:41:17.851-455326-305895,true,true
2026-03-27T13:41:17.851-455326-279855,true,true
2026-03-27T13:41:17.851-455326-438094,true,true
2026-03-27T13:41:17.851-306470-287963,true,true
2026-03-27T13:41:17.851-306470-287469,true,true
2026-03-27T13:41:17.851-306470-42573,true,true
2026-03-27T13:41:17.851-306470-313174,true,true
2026-03-27T13:41:17.851-306470-565518,true,true
2026-03-27T13:41:17.851-306470-870601,true,true
2026-03-27T13:41:17.851-306470-563582,true,true
2026-03-27T13:41:17.851-306470-48625,true,true
2026-03-27T13:41:17.851-306470-383958,true,true
2026-03-27T13:41:17.851-306470-196187,true,true
2026-03-27T13:41:17.851-868789-137967,true,true
2026-03-27T13:41:17.851-868789-639964,true,true
2026-03-27T13:41:17.851-868789-40103,true,true
2026-03-27T13:41:17.851-868789-183109,true,true
2026-03-27T13:41:17.851-868789-461465,true,true
2026-03-27T13:41:17.851-868789-647926,true,true
2026-03-27T13:41:17.851-868789-403901,true,true
2026-03-27T13:41:17.851-868789-745054,true,true
2026-03-27T13:41:17.851-868789-525259,true,true
2026-03-27T13:41:17.851-868789-768659,true,true
2026-03-27T13:41:17.851-753714-832123,true,true
2026-03-27T13:41:17.851-753714-830732,true,true
2026-03-27T13:41:17.851-753714-49753,true,true
2026-03-27T13:41:17.851-753714-724363,true,true
2026-03-27T13:41:17.851-753714-732895,true,true
2026-03-27T13:41:17.851-753714-48104,true,true
2026-03-27T13:41:17.851-753714-794830,true,true
2026-03-27T13:41:17.851-753714-786491,true,true
2026-03-27T13:41:17.851-753714-223298,true,true
2026-03-27T13:41:17.851-753714-969464,true,true
2026-03-27T13:41:17.851-705391-51841,true,true
2026-03-27T13:41:17.851-705391-685114,true,true
2026-03-27T13:41:17.851-705391-174637,true,true
2026-03-27T13:41:17.851-705391-553901,true,true
2026-03-27T13:41:17.851-705391-678998,true,true
2026-03-27T13:41:17.851-705391-446372,true,true
2026-03-27T13:41:17.851-705391-622458,true,true
2026-03-27T13:41:17.851-705391-987849,true,true
2026-03-27T13:41:17.851-705391-138622,true,true
2026-03-27T13:41:17.851-705391-778052,true,true
2026-03-27T13:41:17.851-455326-205856,true,true
2026-03-27T13:41:17.851-455326-891619,true,true
2026-03-27T13:41:17.851-455326-38932,true,true
2026-03-27T13:41:17.851-455326-579400,true,true
2026-03-27T13:41:17.851-455326-92781,true,true
2026-03-27T13:41:17.851-455326-872541,true,true
2026-03-27T13:41:17.851-455326-342448,true,true
2026-03-27T13:41:17.851-455326-477172,true,true
2026-03-27T13:41:17.851-455326-620616,true,true
2026-03-27T13:41:17.851-455326-625651,true,true
2026-03-27T13:41:17.851-306470-390678,true,true
2026-03-27T13:41:17.851-306470-80416,true,true
2026-03-27T13:41:17.851-306470-593859,true,true
2026-03-27T13:41:17.851-306470-759523,true,true
2026-03-27T13:41:17.851-306470-547604,true,true
2026-03-27T13:41:17.851-306470-590638,true,true
2026-03-27T13:41:17.851-306470-659523,true,true
2026-03-27T13:41:17.851-306470-751183,true,true
2026-03-27T13:41:17.851-306470-732392,true,true
2026-03-27T13:41:17.851-306470-163833,true,true
2026-03-27T13:41:17.851-868789-890892,true,true
2026-03-27T13:41:17.851-868789-735511,true,true
2026-03-27T13:41:17.851-868789-197063,true,true
2026-03-27T13:41:17.851-868789-301810,true,true
2026-03-27T13:41:17.851-868789-525757,true,true
2026-03-27T13:41:17.851-868789-566159,true,true
2026-03-27T13:41:17.851-868789-938560,true,true
2026-03-27T13:41:17.851-868789-474010,true,true
2026-03-27T13:41:17.851-868789-393501,true,true
2026-03-27T13:41:17.851-868789-306535,true,true
2026-03-27T13:41:17.851-753714-979963,true,true
2026-03-27T13:41:17.851-753714-321804,true,true
2026-03-27T13:41:17.851-753714-303770,true,true
2026-03-27T13:41:17.851-753714-958022,true,true
2026-03-27T13:41:17.851-753714-363886,true,true
2026-03-27T13:41:17.851-753714-143353,true,true
2026-03-27T13:41:17.851-753714-393988,true,true
2026-03-27T13:41:17.851-753714-87347,true,true
2026-03-27T13:41:17.851-753714-343535,true,true
2026-03-27T13:41:17.851-753714-800587,true,true
2026-03-27T13:41:17.851-705391-298849,true,true
2026-03-27T13:41:17.851-705391-2783,true,true
2026-03-27T13:41:17.851-705391-291522,true,true
2026-03-27T13:41:17.851-705391-655143,true,true
2026-03-27T13:41:17.851-705391-516390,true,true
2026-03-27T13:41:17.851-705391-616610,true,true
2026-03-27T13:41:17.851-705391-720213,true,true
2026-03-27T13:41:17.851-705391-189048,true,true
2026-03-27T13:41:17.851-705391-989573,true,true
2026-03-27T13:41:17.851-705391-135906,true,true
2026-03-27T13:41:17.851-455326-617589,true,true
2026-03-27T13:41:17.851-455326-58381,true,true
2026-03-27T13:41:17.851-455326-998573,true,true
2026-03-27T13:41:17.851-455326-850377,true,true
2026-03-27T13:41:17.851-455326-69942,true,true
2026-03-27T13:41:17.851-455326-30061,true,true
2026-03-27T13:41:17.851-455326-106883,true,true
2026-03-27T13:41:17.851-455326-417123,true,true
2026-03-27T13:41:17.851-455326-412939,true,true
2026-03-27T13:41:17.851-455326-438635,true,true
2026-03-27T13:41:17.851-306470-310877,true,true
2026-03-27T13:41:17.851-306470-67874,true,true
2026-03-27T13:41:17.851-306470-889665,true,true
2026-03-27T13:41:17.851-306470-11070,true,true
2026-03-27T13:41:17.851-306470-834737,true,true
2026-03-27T13:41:17.851-306470-687283,true,true
2026-03-27T13:41:17.851-306470-312522,true,true
2026-03-27T13:41:17.851-306470-382271,true,true
2026-03-27T13:41:17.851-306470-290977,true,true
2026-03-27T13:41:17.851-306470-671962,true,true
2026-03-27T13:41:17.851-868789-635049,true,true
2026-03-27T13:41:17.851-868789-187910,true,true
2026-03-27T13:41:17.851-868789-388125,true,true
2026-03-27T13:41:17.851-868789-644426,true,true
2026-03-27T13:41:17.851-868789-464232,true,true
2026-03-27T13:41:17.851-868789-585702,true,true
2026-03-27T13:41:17.851-868789-713509,true,true
2026-03-27T13:41:17.851-868789-178030,true,true
2026-03-27T13:41:17.851-868789-343557,true,true
2026-03-27T13:41:17.851-868789-66794,true,true
2026-03-27T13:41:17.851-753714-926350,true,true
2026-03-27T13:41:17.851-753714-94496,true,true
2026-03-27T13:41:17.851-753714-662015,true,true
2026-03-27T13:41:17.851-753714-963788,true,true
2026-03-27T13:41:17.851-753714-785934,true,true
2026-03-27T13:41:17.851-753714-397699,true,true
2026-03-27T13:41:17.851-753714-889782,true,true
2026-03-27T13:41:17.851-753714-537306,true,true
2026-03-27T13:41:17.851-753714-186842,true,true
2026-03-27T13:41:17.851-753714-294293,true,true
2026-03-27T13:41:17.851-705391-693585,true,true
2026-03-27T13:41:17.851-705391-688507,true,true
2026-03-27T13:41:17.851-705391-714933,true,true
2026-03-27T13:41:17.851-705391-69486,true,true
2026-03-27T13:41:17.851-705391-63288,true,true
2026-03-27T13:41:17.851-705391-123070,true,true
2026-03-27T13:41:17.851-705391-833629,true,true
2026-03-27T13:41:17.851-705391-460453,true,true
2026-03-27T13:41:17.851-705391-604335,true,true
2026-03-27T13:41:17.851-705391-928929,true,true
2026-03-27T13:41:17.851-455326-860852,true,true
2026-03-27T13:41:17.851-455326-574344,true,true
2026-03-27T13:41:17.851-455326-9501,true,true
2026-03-27T13:41:17.851-455326-556082,true,true
2026-03-27T13:41:17.851-455326-706971,true,true
2026-03-27T13:41:17.851-455326-119397,true,true
2026-03-27T13:41:17.851-455326-442852,true,true
2026-03-27T13:41:17.851-455326-804166,true,true
2026-03-27T13:41:17.851-455326-673343,true,true
2026-03-27T13:41:17.851-455326-254646,true,true
2026-03-27T13:41:17.851-306470-149231,true,true
2026-03-27T13:41:17.851-306470-590337,true,true
2026-03-27T13:41:17.851-306470-502261,true,true
2026-03-27T13:41:17.851-306470-475518,true,true
2026-03-27T13:41:17.851-306470-976767,true,true
2026-03-27T13:41:17.851-306470-578736,true,true
2026-03-27T13:41:17.851-306470-202157,true,true
2026-03-27T13:41:17.851-306470-334350,true,true
2026-03-27T13:41:17.851-306470-757930,true,true
2026-03-27T13:41:17.851-306470-678572,true,true
2026-03-27T13:41:17.851-868789-948942,true,true
2026-03-27T13:41:17.851-868789-227269,true,true
2026-03-27T13:41:17.851-868789-297755,true,true
2026-03-27T13:41:17.851-868789-626132,true,true
2026-03-27T13:41:17.851-868789-835003,true,true
2026-03-27T13:41:17.851-868789-579035,true,true
2026-03-27T13:41:17.851-868789-78485,true,true
2026-03-27T13:41:17.851-868789-724934,true,true
2026-03-27T13:41:17.851-868789-231540,true,true
2026-03-27T13:41:17.851-868789-637266,true,true
2026-03-27T13:41:17.851-753714-374274,true,true
2026-03-27T13:41:17.851-753714-943658,true,true
2026-03-27T13:41:17.851-753714-695405,true,true
2026-03-27T13:41:17.851-753714-484784,true,true
2026-03-27T13:41:17.851-753714-270968,true,true
2026-03-27T13:41:17.851-753714-646222,true,true
2026-03-27T13:41:17.851-753714-211984,true,true
2026-03-27T13:41:17.851-753714-369722,true,true
2026-03-27T13:41:17.851-753714-543943,true,true
2026-03-27T13:41:17.851-753714-913868,true,true
2026-03-27T13:41:17.851-705391-302465,true,true
2026-03-27T13:41:17.851-705391-390753,true,true
2026-03-27T13:41:17.851-705391-994198,true,true
2026-03-27T13:41:17.851-705391-444158,true,true
2026-03-27T13:41:17.851-705391-240892,true,true
2026-03-27T13:41:17.851-705391-812106,true,true
2026-03-27T13:41:17.851-705391-184998,true,true
2026-03-27T13:41:17.851-705391-359190,true,true
2026-03-27T13:41:17.851-705391-590464,true,true
2026-03-27T13:41:17.851-705391-858301,true,true
