455326,1,6,0.05,0.2,0.1,178931,2026-03-22T21:10:07.745-455326-178931
455326,2,6,0.05,0.2,0.1,686407,2026-03-22T21:10:07.745-455326-686407
455326,3,6,0.05,0.2,0.1,898513,2026-03-22T21:10:07.745-455326-898513
455326,4,6,0.05,0.2,0.1,157933,2026-03-22T21:10:07.745-455326-157933
455326,5,6,0.05,0.2,0.1,250481,2026-03-22T21:10:07.745-455326-250481
455326,6,6,0.05,0.2,0.1,795449,2026-03-22T21:10:07.745-455326-795449
455326,7,6,0.05,0.2,0.1,593077,2026-03-22T21:10:07.745-455326-593077
455326,8,6,0.05,0.2,0.1,210172,2026-03-22T21:10:07.745-455326-210172
455326,9,6,0.05,0.2,0.1,536170,2026-03-22T21:10:07.745-455326-536170
455326,10,6,0.05,0.2,0.1,311204,2026-03-22T21:10:07.745-455326-311204
306470,1,6,0.05,0.2,0.1,994605,2026-03-22T21:10:07.745-306470-994605
306470,2,6,0.05,0.2,0.1,798098,2026-03-22T21:10:07.745-306470-798098
306470,3,6,0.05,0.2,0.1,314489,2026-03-22T21:10:07.745-306470-314489
306470,4,6,0.05,0.2,0.1,490675,2026-03-22T21:10:07.745-306470-490675
306470,5,6,0.05,0.2,0.1,407503,2026-03-22T21:10:07.745-306470-407503
306470,6,6,0.05,0.2,0.1,621794,2026-03-22T21:10:07.745-306470-621794
306470,7,6,0.05,0.2,0.1,930785,2026-03-22T21:10:07.745-306470-930785
306470,8,6,0.05,0.2,0.1,175337,2026-03-22T21:10:07.745-306470-175337
306470,9,6,0.05,0.2,0.1,828007,2026-03-22T21:10:07.745-306470-828007
306470,10,6,0.05,0.2,0.1,818981,2026-03-22T21:10:07.745-306470-818981
868789,1,6,0.05,0.2,0.1,438401,2026-03-22T21:10:07.745-868789-438401
868789,2,6,0.05,0.2,0.1,658963,2026-03-22T21:10:07.745-868789-658963
868789,3,6,0.05,0.2,0.1,105514,2026-03-22T21:10:07.745-868789-105514
868789,4,6,0.05,0.2,0.1,756766,2026-03-22T21:10:07.745-868789-756766
868789,5,6,0.05,0.2,0.1,520663,2026-03-22T21:10:07.745-868789-520663
868789,6,6,0.05,0.2,0.1,442998,2026-03-22T21:10:07.745-868789-442998
868789,7,6,0.05,0.2,0.1,578051,2026-03-22T21:10:07.745-868789-578051
868789,8,6,0.05,0.2,0.1,724892,2026-03-22T21:10:07.745-868789-724892
868789,9,6,0.05,0.2,0.1,771081,2026-03-22T21:10:07.745-868789-771081
868789,10,6,0.05,0.2,0.1,830529,2026-03-22T21:10:07.745-868789-830529
753714,1,6,0.05,0.2,0.1,465151,2026-03-22T21:10:07.745-753714-465151
753714,2,6,0.05,0.2,0.1,58067,2026-03-22T21:10:07.745-753714-58067
753714,3,6,0.05,0.2,0.1,223752,2026-03-22T21:10:07.745-753714-223752
753714,4,6,0.05,0.2,0.1,399695,2026-03-22T21:10:07.745-753714-399695
753714,5,6,0.05,0.2,0.1,296376,2026-03-22T21:10:07.745-753714-296376
753714,6,6,0.05,0.2,0.1,558347,2026-03-22T21:10:07.745-753714-558347
753714,7,6,0.05,0.2,0.1,632033,2026-03-22T21:10:07.745-753714-632033
753714,8,6,0.05,0.2,0.1,981466,2026-03-22T21:10:07.745-753714-981466
753714,9,6,0.05,0.2,0.1,957599,2026-03-22T21:10:07.745-753714-957599
753714,10,6,0.05,0.2,0.1,768610,2026-03-22T21:10:07.745-753714-768610
705391,1,6,0.05,0.2,0.1,59075,2026-03-22T21:10:07.745-705391-59075
705391,2,6,0.05,0.2,0.1,778512,2026-03-22T21:10:07.745-705391-778512
705391,3,6,0.05,0.2,0.1,566772,2026-03-22T21:10:07.745-705391-566772
705391,4,6,0.05,0.2,0.1,350449,2026-03-22T21:10:07.745-705391-350449
705391,5,6,0.05,0.2,0.1,184723,2026-03-22T21:10:07.745-705391-184723
705391,6,6,0.05,0.2,0.1,364714,2026-03-22T21:10:07.745-705391-364714
705391,7,6,0.05,0.2,0.1,712350,2026-03-22T21:10:07.745-705391-712350
705391,8,6,0.05,0.2,0.1,618793,2026-03-22T21:10:07.745-705391-618793
705391,9,6,0.05,0.2,0.1,176694,2026-03-22T21:10:07.745-705391-176694
705391,10,6,0.05,0.2,0.1,308309,2026-03-22T21:10:07.745-705391-308309
455326,1,6,0.05,0.2,0.1,255790,2026-03-22T21:10:07.745-455326-255790
455326,2,6,0.05,0.2,0.1,290955,2026-03-22T21:10:07.745-455326-290955
455326,3,6,0.05,0.2,0.1,791971,2026-03-22T21:10:07.745-455326-791971
455326,4,6,0.05,0.2,0.1,237051,2026-03-22T21:10:07.745-455326-237051
455326,5,6,0.05,0.2,0.1,721534,2026-03-22T21:10:07.745-455326-721534
455326,6,6,0.05,0.2,0.1,370017,2026-03-22T21:10:07.745-455326-370017
455326,7,6,0.05,0.2,0.1,354736,2026-03-22T21:10:07.745-455326-354736
455326,8,6,0.05,0.2,0.1,305895,2026-03-22T21:10:07.745-455326-305895
455326,9,6,0.05,0.2,0.1,279855,2026-03-22T21:10:07.745-455326-279855
455326,10,6,0.05,0.2,0.1,438094,2026-03-22T21:10:07.745-455326-438094
306470,1,6,0.05,0.2,0.1,287963,2026-03-22T21:10:07.745-306470-287963
306470,2,6,0.05,0.2,0.1,287469,2026-03-22T21:10:07.745-306470-287469
306470,3,6,0.05,0.2,0.1,42573,2026-03-22T21:10:07.745-306470-42573
306470,4,6,0.05,0.2,0.1,313174,2026-03-22T21:10:07.745-306470-313174
306470,5,6,0.05,0.2,0.1,565518,2026-03-22T21:10:07.745-306470-565518
306470,6,6,0.05,0.2,0.1,870601,2026-03-22T21:10:07.745-306470-870601
306470,7,6,0.05,0.2,0.1,563582,2026-03-22T21:10:07.745-306470-563582
306470,8,6,0.05,0.2,0.1,48625,2026-03-22T21:10:07.745-306470-48625
306470,9,6,0.05,0.2,0.1,383958,2026-03-22T21:10:07.745-306470-383958
306470,10,6,0.05,0.2,0.1,196187,2026-03-22T21:10:07.745-306470-196187
868789,1,6,0.05,0.2,0.1,137967,2026-03-22T21:10:07.745-868789-137967
868789,2,6,0.05,0.2,0.1,639964,2026-03-22T21:10:07.745-868789-639964
868789,3,6,0.05,0.2,0.1,40103,2026-03-22T21:10:07.745-868789-40103
868789,4,6,0.05,0.2,0.1,183109,2026-03-22T21:10:07.745-868789-183109
868789,5,6,0.05,0.2,0.1,461465,2026-03-22T21:10:07.745-868789-461465
868789,6,6,0.05,0.2,0.1,647926,2026-03-22T21:10:07.745-868789-647926
868789,7,6,0.05,0.2,0.1,403901,2026-03-22T21:10:07.745-868789-403901
868789,8,6,0.05,0.2,0.1,745054,2026-03-22T21:10:07.745-868789-745054
868789,9,6,0.05,0.2,0.1,525259,2026-03-22T21:10:07.745-868789-525259
868789,10,6,0.05,0.2,0.1,768659,2026-03-22T21:10:07.745-868789-768659
753714,1,6,0.05,0.2,0.1,832123,2026-03-22T21:10:07.745-753714-832123
753714,2,6,0.05,0.2,0.1,830732,2026-03-22T21:10:07.745-753714-830732
753714,3,6,0.05,0.2,0.1,49753,2026-03-22T21:10:07.745-753714-49753
753714,4,6,0.05,0.2,0.1,724363,2026-03-22T21:10:07.745-753714-724363
753714,5,6,0.05,0.2,0.1,732895,2026-03-22T21:10:07.745-753714-732895
753714,6,6,0.05,0.2,0.1,48104,2026-03-22T21:10:07.745-753714-48104
753714,7,6,0.05,0.2,0.1,794830,2026-03-22T21:10:07.745-753714-794830
753714,8,6,0.05,0.2,0.1,786491,2026-03-22T21:10:07.745-753714-786491
753714,9,6,0.05,0.2,0.1,223298,2026-03-22T21:10:07.745-753714-223298
753714,10,6,0.05,0.2,0.1,969464,2026-03-22T21:10:07.745-753714-969464
705391,1,6,0.05,0.2,0.1,51841,2026-03-22T21:10:07.745-705391-51841
705391,2,6,0.05,0.2,0.1,685114,2026-03-22T21:10:07.745-705391-685114
705391,3,6,0.05,0.2,0.1,174637,2026-03-22T21:10:07.745-705391-174637
705391,4,6,0.05,0.2,0.1,553901,2026-03-22T21:10:07.745-705391-553901
705391,5,6,0.05,0.2,0.1,678998,2026-03-22T21:10:07.745-705391-678998
705391,6,6,0.05,0.2,0.1,446372,2026-03-22T21:10:07.745-705391-446372
705391,7,6,0.05,0.2,0.1,622458,2026-03-22T21:10:07.745-705391-622458
705391,8,6,0.05,0.2,0.1,987849,2026-03-22T21:10:07.745-705391-987849
705391,9,6,0.05,0.2,0.1,138622,2026-03-22T21:10:07.745-705391-138622
705391,10,6,0.05,0.2,0.1,778052,2026-03-22T21:10:07.745-705391-778052
455326,1,6,0.05,0.2,0.1,205856,2026-03-22T21:10:07.745-455326-205856
455326,2,6,0.05,0.2,0.1,891619,2026-03-22T21:10:07.745-455326-891619
455326,3,6,0.05,0.2,0.1,38932,2026-03-22T21:10:07.745-455326-38932
455326,4,6,0.05,0.2,0.1,579400,2026-03-22T21:10:07.745-455326-579400
455326,5,6,0.05,0.2,0.1,92781,2026-03-22T21:10:07.745-455326-92781
455326,6,6,0.05,0.2,0.1,872541,2026-03-22T21:10:07.745-455326-872541
455326,7,6,0.05,0.2,0.1,342448,2026-03-22T21:10:07.745-455326-342448
455326,8,6,0.05,0.2,0.1,477172,2026-03-22T21:10:07.745-455326-477172
455326,9,6,0.05,0.2,0.1,620616,2026-03-22T21:10:07.745-455326-620616
455326,10,6,0.05,0.2,0.1,625651,2026-03-22T21:10:07.745-455326-625651
306470,1,6,0.05,0.2,0.1,390678,2026-03-22T21:10:07.745-306470-390678
306470,2,6,0.05,0.2,0.1,80416,2026-03-22T21:10:07.745-306470-80416
306470,3,6,0.05,0.2,0.1,593859,2026-03-22T21:10:07.745-306470-593859
306470,4,6,0.05,0.2,0.1,759523,2026-03-22T21:10:07.745-306470-759523
306470,5,6,0.05,0.2,0.1,547604,2026-03-22T21:10:07.745-306470-547604
306470,6,6,0.05,0.2,0.1,590638,2026-03-22T21:10:07.745-306470-590638
306470,7,6,0.05,0.2,0.1,659523,2026-03-22T21:10:07.745-306470-659523
306470,8,6,0.05,0.2,0.1,751183,2026-03-22T21:10:07.745-306470-751183
306470,9,6,0.05,0.2,0.1,732392,2026-03-22T21:10:07.745-306470-732392
306470,10,6,0.05,0.2,0.1,163833,2026-03-22T21:10:07.745-306470-163833
868789,1,6,0.05,0.2,0.1,890892,2026-03-22T21:10:07.745-868789-890892
868789,2,6,0.05,0.2,0.1,735511,2026-03-22T21:10:07.745-868789-735511
868789,3,6,0.05,0.2,0.1,197063,2026-03-22T21:10:07.745-868789-197063
868789,4,6,0.05,0.2,0.1,301810,2026-03-22T21:10:07.745-868789-301810
868789,5,6,0.05,0.2,0.1,525757,2026-03-22T21:10:07.745-868789-525757
868789,6,6,0.05,0.2,0.1,566159,2026-03-22T21:10:07.745-868789-566159
868789,7,6,0.05,0.2,0.1,938560,2026-03-22T21:10:07.745-868789-938560
868789,8,6,0.05,0.2,0.1,474010,2026-03-22T21:10:07.745-868789-474010
868789,9,6,0.05,0.2,0.1,393501,2026-03-22T21:10:07.745-868789-393501
868789,10,6,0.05,0.2,0.1,306535,2026-03-22T21:10:07.745-868789-306535
753714,1,6,0.05,0.2,0.1,979963,2026-03-22T21:10:07.745-753714-979963
753714,2,6,0.05,0.2,0.1,321804,2026-03-22T21:10:07.745-753714-321804
753714,3,6,0.05,0.2,0.1,303770,2026-03-22T21:10:07.745-753714-303770
753714,4,6,0.05,0.2,0.1,958022,2026-03-22T21:10:07.745-753714-958022
753714,5,6,0.05,0.2,0.1,363886,2026-03-22T21:10:07.745-753714-363886
753714,6,6,0.05,0.2,0.1,143353,2026-03-22T21:10:07.745-753714-143353
753714,7,6,0.05,0.2,0.1,393988,2026-03-22T21:10:07.745-753714-393988
753714,8,6,0.05,0.2,0.1,87347,2026-03-22T21:10:07.745-753714-87347
753714,9,6,0.05,0.2,0.1,343535,2026-03-22T21:10:07.745-753714-343535
753714,10,6,0.05,0.2,0.1,800587,2026-03-22T21:10:07.745-753714-800587
705391,1,6,0.05,0.2,0.1,298849,2026-03-22T21:10:07.745-705391-298849
705391,2,6,0.05,0.2,0.1,2783,2026-03-22T21:10:07.745-705391-2783
705391,3,6,0.05,0.2,0.1,291522,2026-03-22T21:10:07.745-705391-291522
705391,4,6,0.05,0.2,0.1,655143,2026-03-22T21:10:07.745-705391-655143
705391,5,6,0.05,0.2,0.1,516390,2026-03-22T21:10:07.745-705391-516390
705391,6,6,0.05,0.2,0.1,616610,2026-03-22T21:10:07.745-705391-616610
705391,7,6,0.05,0.2,0.1,720213,2026-03-22T21:10:07.745-705391-720213
705391,8,6,0.05,0.2,0.1,189048,2026-03-22T21:10:07.745-705391-189048
705391,9,6,0.05,0.2,0.1,989573,2026-03-22T21:10:07.745-705391-989573
705391,10,6,0.05,0.2,0.1,135906,2026-03-22T21:10:07.745-705391-135906
455326,1,6,0.05,0.2,0.1,617589,2026-03-22T21:10:07.745-455326-617589
455326,2,6,0.05,0.2,0.1,58381,2026-03-22T21:10:07.745-455326-58381
455326,3,6,0.05,0.2,0.1,998573,2026-03-22T21:10:07.745-455326-998573
455326,4,6,0.05,0.2,0.1,850377,2026-03-22T21:10:07.745-455326-850377
455326,5,6,0.05,0.2,0.1,69942,2026-03-22T21:10:07.745-455326-69942
455326,6,6,0.05,0.2,0.1,30061,2026-03-22T21:10:07.745-455326-30061
455326,7,6,0.05,0.2,0.1,106883,2026-03-22T21:10:07.745-455326-106883
455326,8,6,0.05,0.2,0.1,417123,2026-03-22T21:10:07.745-455326-417123
455326,9,6,0.05,0.2,0.1,412939,2026-03-22T21:10:07.745-455326-412939
455326,10,6,0.05,0.2,0.1,438635,2026-03-22T21:10:07.745-455326-438635
306470,1,6,0.05,0.2,0.1,310877,2026-03-22T21:10:07.745-306470-310877
306470,2,6,0.05,0.2,0.1,67874,2026-03-22T21:10:07.745-306470-67874
306470,3,6,0.05,0.2,0.1,889665,2026-03-22T21:10:07.745-306470-889665
306470,4,6,0.05,0.2,0.1,11070,2026-03-22T21:10:07.745-306470-11070
306470,5,6,0.05,0.2,0.1,834737,2026-03-22T21:10:07.745-306470-834737
306470,6,6,0.05,0.2,0.1,687283,2026-03-22T21:10:07.745-306470-687283
306470,7,6,0.05,0.2,0.1,312522,2026-03-22T21:10:07.745-306470-312522
306470,8,6,0.05,0.2,0.1,382271,2026-03-22T21:10:07.745-306470-382271
306470,9,6,0.05,0.2,0.1,290977,2026-03-22T21:10:07.745-306470-290977
306470,10,6,0.05,0.2,0.1,671962,2026-03-22T21:10:07.745-306470-671962
868789,1,6,0.05,0.2,0.1,635049,2026-03-22T21:10:07.745-868789-635049
868789,2,6,0.05,0.2,0.1,187910,2026-03-22T21:10:07.745-868789-187910
868789,3,6,0.05,0.2,0.1,388125,2026-03-22T21:10:07.745-868789-388125
868789,4,6,0.05,0.2,0.1,644426,2026-03-22T21:10:07.745-868789-644426
868789,5,6,0.05,0.2,0.1,464232,2026-03-22T21:10:07.745-868789-464232
868789,6,6,0.05,0.2,0.1,585702,2026-03-22T21:10:07.745-868789-585702
868789,7,6,0.05,0.2,0.1,713509,2026-03-22T21:10:07.745-868789-713509
868789,8,6,0.05,0.2,0.1,178030,2026-03-22T21:10:07.745-868789-178030
868789,9,6,0.05,0.2,0.1,343557,2026-03-22T21:10:07.745-868789-343557
868789,10,6,0.05,0.2,0.1,66794,2026-03-22T21:10:07.745-868789-66794
753714,1,6,0.05,0.2,0.1,926350,2026-03-22T21:10:07.745-753714-926350
753714,2,6,0.05,0.2,0.1,94496,2026-03-22T21:10:07.745-753714-94496
753714,3,6,0.05,0.2,0.1,662015,2026-03-22T21:10:07.745-753714-662015
753714,4,6,0.05,0.2,0.1,963788,2026-03-22T21:10:07.745-753714-963788
753714,5,6,0.05,0.2,0.1,785934,2026-03-22T21:10:07.745-753714-785934
753714,6,6,0.05,0.2,0.1,397699,2026-03-22T21:10:07.745-753714-397699
753714,7,6,0.05,0.2,0.1,889782,2026-03-22T21:10:07.745-753714-889782
753714,8,6,0.05,0.2,0.1,537306,2026-03-22T21:10:07.745-753714-537306
753714,9,6,0.05,0.2,0.1,186842,2026-03-22T21:10:07.745-753714-186842
753714,10,6,0.05,0.2,0.1,294293,2026-03-22T21:10:07.745-753714-294293
705391,1,6,0.05,0.2,0.1,693585,2026-03-22T21:10:07.745-705391-693585
705391,2,6,0.05,0.2,0.1,688507,2026-03-22T21:10:07.745-705391-688507
705391,3,6,0.05,0.2,0.1,714933,2026-03-22T21:10:07.745-705391-714933
705391,4,6,0.05,0.2,0.1,69486,2026-03-22T21:10:07.745-705391-69486
705391,5,6,0.05,0.2,0.1,63288,2026-03-22T21:10:07.745-705391-63288
705391,6,6,0.05,0.2,0.1,123070,2026-03-22T21:10:07.745-705391-123070
705391,7,6,0.05,0.2,0.1,833629,2026-03-22T21:10:07.745-705391-833629
705391,8,6,0.05,0.2,0.1,460453,2026-03-22T21:10:07.745-705391-460453
705391,9,6,0.05,0.2,0.1,604335,2026-03-22T21:10:07.745-705391-604335
705391,10,6,0.05,0.2,0.1,928929,2026-03-22T21:10:07.745-705391-928929
455326,1,6,0.05,0.2,0.1,860852,2026-03-22T21:10:07.745-455326-860852
455326,2,6,0.05,0.2,0.1,574344,2026-03-22T21:10:07.745-455326-574344
455326,3,6,0.05,0.2,0.1,9501,2026-03-22T21:10:07.745-455326-9501
455326,4,6,0.05,0.2,0.1,556082,2026-03-22T21:10:07.745-455326-556082
455326,5,6,0.05,0.2,0.1,706971,2026-03-22T21:10:07.745-455326-706971
455326,6,6,0.05,0.2,0.1,119397,2026-03-22T21:10:07.745-455326-119397
455326,7,6,0.05,0.2,0.1,442852,2026-03-22T21:10:07.745-455326-442852
455326,8,6,0.05,0.2,0.1,804166,2026-03-22T21:10:07.745-455326-804166
455326,9,6,0.05,0.2,0.1,673343,2026-03-22T21:10:07.745-455326-673343
455326,10,6,0.05,0.2,0.1,254646,2026-03-22T21:10:07.745-455326-254646
306470,1,6,0.05,0.2,0.1,149231,2026-03-22T21:10:07.745-306470-149231
306470,2,6,0.05,0.2,0.1,590337,2026-03-22T21:10:07.745-306470-590337
306470,3,6,0.05,0.2,0.1,502261,2026-03-22T21:10:07.745-306470-502261
306470,4,6,0.05,0.2,0.1,475518,2026-03-22T21:10:07.745-306470-475518
306470,5,6,0.05,0.2,0.1,976767,2026-03-22T21:10:07.745-306470-976767
306470,6,6,0.05,0.2,0.1,578736,2026-03-22T21:10:07.745-306470-578736
306470,7,6,0.05,0.2,0.1,202157,2026-03-22T21:10:07.745-306470-202157
306470,8,6,0.05,0.2,0.1,334350,2026-03-22T21:10:07.745-306470-334350
306470,9,6,0.05,0.2,0.1,757930,2026-03-22T21:10:07.745-306470-757930
306470,10,6,0.05,0.2,0.1,678572,2026-03-22T21:10:07.745-306470-678572
868789,1,6,0.05,0.2,0.1,948942,2026-03-22T21:10:07.745-868789-948942
868789,2,6,0.05,0.2,0.1,227269,2026-03-22T21:10:07.745-868789-227269
868789,3,6,0.05,0.2,0.1,297755,2026-03-22T21:10:07.745-868789-297755
868789,4,6,0.05,0.2,0.1,626132,2026-03-22T21:10:07.745-868789-626132
868789,5,6,0.05,0.2,0.1,835003,2026-03-22T21:10:07.745-868789-835003
868789,6,6,0.05,0.2,0.1,579035,2026-03-22T21:10:07.745-868789-579035
868789,7,6,0.05,0.2,0.1,78485,2026-03-22T21:10:07.745-868789-78485
868789,8,6,0.05,0.2,0.1,724934,2026-03-22T21:10:07.745-868789-724934
868789,9,6,0.05,0.2,0.1,231540,2026-03-22T21:10:07.745-868789-231540
868789,10,6,0.05,0.2,0.1,637266,2026-03-22T21:10:07.745-868789-637266
753714,1,6,0.05,0.2,0.1,374274,2026-03-22T21:10:07.745-753714-374274
753714,2,6,0.05,0.2,0.1,943658,2026-03-22T21:10:07.745-753714-943658
753714,3,6,0.05,0.2,0.1,695405,2026-03-22T21:10:07.745-753714-695405
753714,4,6,0.05,0.2,0.1,484784,2026-03-22T21:10:07.745-753714-484784
753714,5,6,0.05,0.2,0.1,270968,2026-03-22T21:10:07.745-753714-270968
753714,6,6,0.05,0.2,0.1,646222,2026-03-22T21:10:07.745-753714-646222
753714,7,6,0.05,0.2,0.1,211984,2026-03-22T21:10:07.745-753714-211984
753714,8,6,0.05,0.2,0.1,369722,2026-03-22T21:10:07.745-753714-369722
753714,9,6,0.05,0.2,0.1,543943,2026-03-22T21:10:07.745-753714-543943
753714,10,6,0.05,0.2,0.1,913868,2026-03-22T21:10:07.745-753714-913868
705391,1,6,0.05,0.2,0.1,302465,2026-03-22T21:10:07.745-705391-302465
705391,2,6,0.05,0.2,0.1,390753,2026-03-22T21:10:07.745-705391-390753
705391,3,6,0.05,0.2,0.1,994198,2026-03-22T21:10:07.745-705391-994198
705391,4,6,0.05,0.2,0.1,444158,2026-03-22T21:10:07.745-705391-444158
705391,5,6,0.05,0.2,0.1,240892,2026-03-22T21:10:07.745-705391-240892
705391,6,6,0.05,0.2,0.1,812106,2026-03-22T21:10:07.745-705391-812106
705391,7,6,0.05,0.2,0.1,184998,2026-03-22T21:10:07.745-705391-184998
705391,8,6,0.05,0.2,0.1,359190,2026-03-22T21:10:07.745-705391-359190
705391,9,6,0.05,0.2,0.1,590464,2026-03-22T21:10:07.745-705391-590464
705391,10,6,0.05,0.2,0.1,858301,2026-03-22T21:10:07.745-705391-858301
455326,1,6,0.05,0.2,0.1,306470,2026-03-23T11:28:51.539-455326-306470
966580,1,6,0.15,0.2,0.1,151005,2026-03-23T11:29:27.352-966580-151005
232793,1,10,0.05,0.2,0.1,33127,2026-03-23T11:30:27.265-232793-33127
786215,1,10,0.15,0.2,0.1,748485,2026-03-23T11:31:46.861-786215-748485
264819,1,50,0.05,0.2,0.1,94228,2026-03-23T11:32:37.650-264819-94228
717269,1,50,0.15,0.2,0.1,154531,2026-03-23T11:33:37.343-717269-154531
927970,1,6,0.05,0.2,0.1,383000,2026-03-23T11:34:58.681-927970-383000
6266,1,6,0.15,0.2,0.1,528294,2026-03-23T11:35:45.412-6266-528294
91535,1,10,0.05,0.2,0.1,604661,2026-03-23T11:36:25.460-91535-604661
171992,1,10,0.15,0.2,0.1,312015,2026-03-23T11:37:24.489-171992-312015
455326,1,6,0.05,0.2,0.1,306470,2026-03-23T11:41:29.405-455326-306470
966580,1,6,0.15,0.2,0.1,151005,2026-03-23T11:42:06.006-966580-151005
232793,1,10,0.05,0.2,0.1,33127,2026-03-23T11:43:00.501-232793-33127
786215,1,10,0.15,0.2,0.1,748485,2026-03-23T11:44:11.966-786215-748485
264819,1,50,0.05,0.2,0.1,94228,2026-03-23T11:45:00.671-264819-94228
717269,1,50,0.15,0.2,0.1,154531,2026-03-23T11:45:58.343-717269-154531
927970,1,6,0.05,0.2,0.1,383000,2026-03-23T11:47:21.425-927970-383000
6266,1,6,0.15,0.2,0.1,528294,2026-03-23T11:48:04.607-6266-528294
91535,1,10,0.05,0.2,0.1,604661,2026-03-23T11:48:43.531-91535-604661
171992,1,10,0.15,0.2,0.1,312015,2026-03-23T11:49:35.635-171992-312015
215609,1,50,0.05,0.2,0.1,680087,2026-03-23T11:50:21.757-215609-680087
376192,1,50,0.15,0.2,0.1,508870,2026-03-23T11:51:06.716-376192-508870
300010,1,6,0.05,0.2,0.2,832976,2026-03-23T11:51:54.264-300010-832976
904892,1,6,0.15,0.2,0.2,684166,2026-03-23T11:52:40.290-904892-684166
973713,1,10,0.05,0.2,0.2,615415,2026-03-23T11:53:34.358-973713-615415
207944,1,10,0.15,0.2,0.2,329838,2026-03-23T11:54:36.149-207944-329838
604184,1,50,0.05,0.2,0.2,823369,2026-03-23T11:55:28.533-604184-823369
550654,1,50,0.15,0.2,0.2,358279,2026-03-23T11:56:20.069-550654-358279
650047,1,6,0.05,0.2,0.2,901239,2026-03-23T11:57:02.255-650047-901239
436111,1,6,0.15,0.2,0.2,78512,2026-03-23T11:57:45.929-436111-78512
961980,1,10,0.05,0.2,0.2,769929,2026-03-23T11:58:35.966-961980-769929
665579,1,10,0.15,0.2,0.2,596160,2026-03-23T11:59:18.051-665579-596160
735678,1,50,0.05,0.2,0.2,740013,2026-03-23T12:00:01.286-735678-740013
523451,1,50,0.15,0.2,0.2,919401,2026-03-23T12:00:47.463-523451-919401
489213,1,6,0.05,0.2,0.3,715936,2026-03-23T12:01:39.385-489213-715936
319169,1,6,0.15,0.2,0.3,257354,2026-03-23T12:02:30.110-319169-257354
109100,1,10,0.05,0.2,0.3,494675,2026-03-23T12:03:30.092-109100-494675
455024,1,10,0.15,0.2,0.3,939423,2026-03-23T12:04:21.513-455024-939423
187087,1,50,0.05,0.2,0.3,332642,2026-03-23T12:05:10.316-187087-332642
231913,1,50,0.15,0.2,0.3,567008,2026-03-23T12:06:00.413-231913-567008
960170,1,6,0.05,0.2,0.3,390028,2026-03-23T12:06:46.017-960170-390028
174046,1,6,0.15,0.2,0.3,563521,2026-03-23T12:07:32.859-174046-563521
823840,1,10,0.05,0.2,0.3,520499,2026-03-23T12:08:18.582-823840-520499
993018,1,10,0.15,0.2,0.3,390459,2026-03-23T12:09:02.158-993018-390459
824070,1,50,0.05,0.2,0.3,245887,2026-03-23T12:09:44.542-824070-245887
87780,1,50,0.15,0.2,0.3,467437,2026-03-23T12:10:36.130-87780-467437
724234,1,6,0.05,0.2,0.4,760000,2026-03-23T12:11:26.842-724234-760000
778433,1,6,0.15,0.2,0.4,700223,2026-03-23T12:12:21.060-778433-700223
18598,1,10,0.05,0.2,0.4,690108,2026-03-23T12:13:10.006-18598-690108
119276,1,10,0.15,0.2,0.4,724688,2026-03-23T12:14:45.653-119276-724688
488499,1,50,0.05,0.2,0.4,125869,2026-03-23T12:15:43.624-488499-125869
433774,1,50,0.15,0.2,0.4,309792,2026-03-23T12:16:32.472-433774-309792
60995,1,6,0.05,0.2,0.4,111653,2026-03-23T12:17:22.069-60995-111653
40670,1,6,0.15,0.2,0.4,813318,2026-03-23T12:18:08.722-40670-813318
547110,1,10,0.05,0.2,0.4,498015,2026-03-23T12:19:05.264-547110-498015
887221,1,10,0.15,0.2,0.4,817745,2026-03-23T12:19:49.070-887221-817745
164182,1,50,0.05,0.2,0.4,5056,2026-03-23T12:20:25.649-164182-5056
653180,1,50,0.15,0.2,0.4,357575,2026-03-23T12:21:24.076-653180-357575
489544,1,6,0.05,0.4,0.1,929049,2026-03-23T12:21:59.240-489544-929049
904601,1,6,0.15,0.4,0.1,213147,2026-03-23T12:23:55.152-904601-213147
319667,1,10,0.05,0.4,0.1,91841,2026-03-23T12:24:45.184-319667-91841
701985,1,10,0.15,0.4,0.1,149348,2026-03-23T12:25:40.791-701985-149348
242436,1,50,0.05,0.4,0.1,970785,2026-03-23T12:26:33.875-242436-970785
118096,1,50,0.15,0.4,0.1,527249,2026-03-23T12:27:27.181-118096-527249
789966,1,6,0.05,0.4,0.1,750037,2026-03-23T12:28:20.014-789966-750037
599904,1,6,0.15,0.4,0.1,791512,2026-03-23T12:30:14.284-599904-791512
396864,1,10,0.05,0.4,0.1,400923,2026-03-23T12:31:05.917-396864-400923
516471,1,10,0.15,0.4,0.1,958467,2026-03-23T12:31:42.757-516471-958467
849594,1,50,0.05,0.4,0.1,818992,2026-03-23T12:32:32.637-849594-818992
513215,1,50,0.15,0.4,0.1,955778,2026-03-23T12:33:25.334-513215-955778
273506,1,6,0.05,0.4,0.2,967274,2026-03-23T12:34:17.042-273506-967274
807321,1,6,0.15,0.4,0.2,907124,2026-03-23T12:35:06.495-807321-907124
645367,1,10,0.05,0.4,0.2,486780,2026-03-23T12:35:55.948-645367-486780
35621,1,10,0.15,0.4,0.2,141413,2026-03-23T12:36:50.507-35621-141413
666934,1,50,0.05,0.4,0.2,832142,2026-03-23T12:37:40.991-666934-832142
476013,1,50,0.15,0.4,0.2,266208,2026-03-23T12:38:29.996-476013-266208
686521,1,6,0.05,0.4,0.2,242256,2026-03-23T12:39:49.132-686521-242256
327838,1,6,0.15,0.4,0.2,290322,2026-03-23T12:40:45.347-327838-290322
886062,1,10,0.05,0.4,0.2,416680,2026-03-23T12:42:27.075-886062-416680
594308,1,10,0.15,0.4,0.2,367165,2026-03-23T12:43:17.446-594308-367165
927139,1,50,0.05,0.4,0.2,443533,2026-03-23T12:44:13.475-927139-443533
255633,1,50,0.15,0.4,0.2,983252,2026-03-23T12:45:05.233-255633-983252
172730,1,6,0.05,0.4,0.3,615326,2026-03-23T12:45:50.232-172730-615326
343056,1,6,0.15,0.4,0.3,31530,2026-03-23T12:46:41.143-343056-31530
942343,1,10,0.05,0.4,0.3,248437,2026-03-23T12:47:33.162-942343-248437
235324,1,10,0.15,0.4,0.3,150313,2026-03-23T12:48:25.897-235324-150313
836457,1,50,0.05,0.4,0.3,734320,2026-03-23T12:55:24.072-836457-734320
205837,1,50,0.15,0.4,0.3,472432,2026-03-23T12:56:15.004-205837-472432
432642,1,6,0.05,0.4,0.3,791573,2026-03-23T12:57:07.156-432642-791573
922798,1,6,0.15,0.4,0.3,255637,2026-03-23T12:58:55.759-922798-255637
878520,1,10,0.05,0.4,0.3,993892,2026-03-23T12:59:41.296-878520-993892
215986,1,10,0.15,0.4,0.3,654461,2026-03-23T13:00:33.214-215986-654461
596276,1,50,0.05,0.4,0.3,254866,2026-03-23T13:01:14.340-596276-254866
349773,1,50,0.15,0.4,0.3,506409,2026-03-23T13:02:04.313-349773-506409
147104,1,6,0.05,0.4,0.4,487452,2026-03-23T13:02:53.608-147104-487452
607145,1,6,0.15,0.4,0.4,493403,2026-03-23T13:05:15.535-607145-493403
169781,1,10,0.05,0.4,0.4,694106,2026-03-23T13:06:07.763-169781-694106
51808,1,10,0.15,0.4,0.4,976310,2026-03-23T13:07:00.374-51808-976310
393815,1,50,0.05,0.4,0.4,415697,2026-03-23T13:07:50.851-393815-415697
979708,1,50,0.15,0.4,0.4,678831,2026-03-23T13:08:42.877-979708-678831
25063,1,6,0.05,0.4,0.4,274794,2026-03-23T13:10:25.829-25063-274794
192488,1,6,0.15,0.4,0.4,73602,2026-03-23T13:11:16.138-192488-73602
417759,1,10,0.05,0.4,0.4,966604,2026-03-23T13:12:54.831-417759-966604
11877,1,10,0.15,0.4,0.4,618717,2026-03-23T13:13:35.138-11877-618717
84788,1,50,0.05,0.4,0.4,994371,2026-03-23T13:14:58.560-84788-994371
884561,1,50,0.15,0.4,0.4,241410,2026-03-23T13:15:47.725-884561-241410
